com,white,asian,black,mixed,other
newry,21821.9118401,346.0466419,102.5385368,141.8267349,211.5791442
north_belfast,50446.405968600004,1099.351257,722.5173357,500.104498,209.4572589
