com,very_good,good,fair,bad,very_bad
newry,11068.5877396,6362.2740397,3173.7464046,1453.7065422,574.5475183
north_belfast,22287.8786818,14224.0015824,8914.8407424,5420.6662641,2133.0153663
